Accuracy,AUC,F1,PR-AUC
0.8246268656716418,0.8751103265666372,0.7539267015706808,0.8503940436016113
